{"class_name": "Sequential", "config": {"name": "sequential_77", "layers": [{"class_name": "InputLayer", "config": {"batch_input_shape": [null, 100], "dtype": "float32", "sparse": false, "ragged": false, "name": "dense_298_input"}}, {"class_name": "Dense", "config": {"name": "dense_298", "trainable": true, "batch_input_shape": [null, 100], "dtype": "float32", "units": 128, "activation": "linear", "use_bias": true, "kernel_initializer": {"class_name": "GlorotUniform", "config": {"seed": null}}, "bias_initializer": {"class_name": "Zeros", "config": {}}, "kernel_regularizer": null, "bias_regularizer": null, "activity_regularizer": null, "kernel_constraint": null, "bias_constraint": null}}, {"class_name": "Dense", "config": {"name": "dense_299", "trainable": true, "dtype": "float32", "units": 64, "activation": "linear", "use_bias": true, "kernel_initializer": {"class_name": "GlorotUniform", "config": {"seed": null}}, "bias_initializer": {"class_name": "Zeros", "config": {}}, "kernel_regularizer": null, "bias_regularizer": null, "activity_regularizer": null, "kernel_constraint": null, "bias_constraint": null}}, {"class_name": "Dense", "config": {"name": "dense_300", "trainable": true, "dtype": "float32", "units": 21, "activation": "relu", "use_bias": true, "kernel_initializer": {"class_name": "GlorotUniform", "config": {"seed": null}}, "bias_initializer": {"class_name": "Zeros", "config": {}}, "kernel_regularizer": null, "bias_regularizer": null, "activity_regularizer": null, "kernel_constraint": null, "bias_constraint": null}}]}, "keras_version": "2.4.0", "backend": "tensorflow"}